<?xml version="1.0" encoding="UTF-8"?>
    <addon id="repository.VisionSTB" name="VisionSTB Repository" version="1.0" provider-name="VisionSTB">
        <requires>
            <import addon="xbmc.addon" version="12.0.0"/>
        </requires>
        <extension point="xbmc.addon.repository" name="VisionSTB Repository">
            <info compressed="false">https://raw.githubusercontent.com/VisionSTB/repo/master/addons.xml</info>
            <checksum>https://raw.githubusercontent.com/VisionSTB/repo/master/addons.xml.md5</checksum>
            <datadir zip="true">https://raw.githubusercontent.com/VisionSTB/repo/master/</datadir>
            <hashes>false</hashes>
        </extension>
        <extension point="xbmc.addon.metadata">
            <summary>The Official VisionSTB Repository</summary>
            <description>This repository contains addons for Vision Set-Top-Boxes.</description>
            <platform>all</platform>
    </extension>
</addon>